Player,Pos
AJ Green,SG
A.J. Lawson,SG
Aaron Gordon,PF
Aaron Holiday,PG
Aaron Nesmith,SF
Aaron Wiggins,SG
Admiral Schofield,PF
AJ Griffin,SF
Al Horford,C
Alec Burks,SG
Aleksej Pokusevski,PF
Alex Caruso,PG
Alex Len,C
Alize Johnson,PF
Alondes Williams,SG
Alperen Sengun,C
Amir Coffey,SF
Andre Drummond,C
Andre Iguodala,PF
Andrew Nembhard,SG
Andrew Wiggins,SF
Anfernee Simons,SG
Anthony Davis,C
Anthony Edwards,SG
Anthony Gill,PF
Anthony Lamb,SF
Austin Reaves,SG
Austin Rivers,SG
Ayo Dosunmu,SG
Bam Adebayo,C
Ben Simmons,PG
Bennedict Mathurin,SG
Bismack Biyombo,C
Blake Griffin,C
Blake Wesley,SG
Boban Marjanovic,C
Bobby Portis,PF
Bogdan Bogdanovic,SG
Bojan Bogdanovic,PF
Bol Bol,PF
Bones Hyland,PG
Bradley Beal,SG
Brandon Boston Jr.,SF
Brandon Clarke,PF
Brandon Ingram,SF
Braxton Key,SF
Brook Lopez,C
Bruce Brown,SF
Bruno Fernando,C
Bryce McGowens,SG
Bryn Forbes,SG
Buddy Boeheim,SF
Buddy Hield,SF
Cade Cunningham,PG
Caleb Houstan,SF
Caleb Martin,SF
Cam Reddish,SF
Cam Thomas,SG
Cameron Johnson,PF
Cameron Payne,PG
Caris LeVert,SG
Carlik Jones,PG
Cedi Osman,SF
Chance Comanche,C
Charles Bassey,C
Chima Moneke,SF
Chimezie Metu,PF
Chris Boucher,PF
Chris Duarte,SF
Chris Paul,PG
Chris Silva,PF
Christian Braun,SG
Christian Koloko,C
Christian Wood,C
Chuma Okeke,SF
CJ McCollum,PG
Clint Capela,C
Coby White,SG
Cody Martin,SF
Cody Zeller,C
Cole Anthony,PG
Cole Swider,SF
Collin Sexton,PG
Corey Kispert,SF
Cory Joseph,PG
Daishen Nix,PG
Dalano Banton,PG
Dalen Terry,SG
Damian Jones,C
Damian Lillard,PG
Damion Lee,SG
D'Angelo Russell,PG
Daniel Gafford,C
Daniel Theis,C
Danny Green,SG
Danuel House Jr.,SF
Dario Saric,PF-C
Darius Bazley,C
Darius Days,SF
Darius Garland,PG
David Duke Jr.,SG
David Roddy,PF
Davion Mitchell,PG
Davis Bertans,PF
Davon Reed,SG
Day'Ron Sharpe,C
De'Aaron Fox,PG
Dean Wade,PF
Deandre Ayton,C
De'Andre Hunter,SF
DeAndre Jordan,C
De'Anthony Melton,SG
Dejounte Murray,SG
Delon Wright,PG
DeMar DeRozan,SF
Deni Avdija,SF
Dennis Schroder,PG
Dennis Smith Jr.,PG
Deonte Burton,PF
Dereon Seabron,SG
Derrick Jones Jr.,PF
Derrick Rose,PG
Derrick White,SG
Desmond Bane,SG
Devin Booker,SG
Devin Vassell,SG
Devon Dotson,PG
Devonte' Graham,PG
Dewayne Dedmon,C
Dillon Brooks,SF
Domantas Sabonis,C
Dominick Barlow,PF
Donovan Mitchell,SG
Donovan Williams,SG
Donte DiVincenzo,SG
Dorian Finney-Smith,PF
Doug McDermott,SF
Draymond Green,PF
Drew Eubanks,C
Dru Smith,SG
Duane Washington Jr.,SG
Duncan Robinson,SF
Dwight Powell,C
Dylan Windler,SF
Dyson Daniels,PG
Edmond Sumner,SG
Eric Gordon,SG
Eugene Omoruyi,SF
Evan Fournier,SG
Evan Mobley,PF
Facundo Campazzo,PG
Frank Jackson,PG
Frank Kaminsky,C
Frank Ntilikina,SG
Franz Wagner,SF
Fred VanVleet,PG
Furkan Korkmaz,SG
Gabe Vincent,PG
Gabe York,SG
Garrett Temple,SG
Garrison Mathews,SG
Gary Harris,SG
Gary Payton II,SG
Gary Trent Jr.,SG
George Hill,PG-SG
Georges Niang,PF
Giannis Antetokounmpo,PF
Goga Bitadze,C
Goran Dragic,PG
Gordon Hayward,SF
Gorgui Dieng,C
Grant Williams,PF
Grayson Allen,SG
Greg Brown III,PF
Hamidou Diallo,SF
Harrison Barnes,PF
Haywood Highsmith,PF
Herbert Jones,PF
Immanuel Quickley,SG
Isaac Okoro,SF
Isaiah Hartenstein,C
Isaiah Jackson,C
Isaiah Joe,SG
Isaiah Livers,PF
Isaiah Mobley,PF
Isaiah Roby,PF
Isaiah Stewart,C
Isaiah Todd,PF
Ish Smith,PG
Ish Wainright,SF
Ivica Zubac,C
Ja Morant,PG
Jabari Smith Jr.,PF
Jabari Walker,SF
Jack White,SF
Jacob Gilyard,PG
Jaden Hardy,SG
Jaden Ivey,SG
Jaden McDaniels,SF
Jaden Springer,SG
Jae Crowder,PF
Jae'Sean Tate,SF
Jake LaRavia,PF
Jakob Poeltl,C
Jalen Brunson,PG
Jalen Duren,C
Jalen Green,SG
Jalen Johnson,SF
Jalen McDaniels,SF
Jalen Smith,C
Jalen Suggs,SG
Jalen Williams,SG
Jamal Cain,PF
Jamal Murray,PG
Jamaree Bouyea,PG
James Bouknight,SG
James Harden,PG
James Johnson,PF
James Wiseman,C
JaMychal Green,PF
Jared Butler,PG
Jared Rhoden,SG
Jaren Jackson Jr.,C
Jarred Vanderbilt,PF
Jarrell Brantley,PF
Jarrett Allen,C
Jarrett Culver,SF
Jason Preston,PG
JaVale McGee,C
Javonte Green,SF
Jaxson Hayes,C
Jay Huff,C
Jay Scrubb,SG
Jaylen Brown,SF
Jaylen Nowell,SG
Jaylin Williams,C
Jayson Tatum,SF
JD Davison,SG
Jeenathan Williams,SG
Jeff Dowtin Jr.,PG
Jeff Green,PF
Jerami Grant,PF
Jeremiah Robinson-Earl,PF
Jeremy Sochan,PF
Jericho Sims,C
Jevon Carter,PG
Jimmy Butler,PF
Jock Landale,C
Joe Harris,SF
Joe Ingles,SF
Joe Wieskamp,SF
Joel Embiid,C
John Butler Jr.,C
John Collins,PF
John Konchar,SF
John Wall,PG
Johnny Davis,SG
Johnny Juzang,SG
Jonas Valanciunas,C
Jonathan Isaac,PF
Jonathan Kuminga,PF
Jordan Clarkson,SG
Jordan Goodwin,PG
Jordan Hall,SF
Jordan McLaughlin,PG
Jordan Nwora,SF
Jordan Poole,PG
Jordan Schakel,SF
Jose Alvarado,PG
Josh Christopher,SG
Josh Giddey,PF
Josh Green,SG
Josh Hart,SF
Josh Minott,SF
Josh Okogie,SG
Josh Richardson,SG
Joshua Primo,SG
Jrue Holiday,PG
JT Thor,PF
Juan Toscano-Anderson,SF
Juancho Hernangomez,PF
Julian Champagnie,SF
Julius Randle,PF
Justin Champagnie,SF
Justin Holiday,SF
Justin Jackson,SF
Justin Minaya,SF
Justise Winslow,PF
Jusuf Nurkic,C
Kai Jones,C
Karl-Anthony Towns,PF
Kawhi Leonard,SF
Keegan Murray,SF
Keita Bates-Diop,PF
Keldon Johnson,SF
Kelly Olynyk,C
Kelly Oubre Jr.,SF
Kemba Walker,PG
Kendall Brown,SG
Kendrick Nunn,SG
Kennedy Chandler,PG
Kenneth Lofton Jr.,PF
Kenrich Williams,PF
Kentavious Caldwell-Pope,SG
Keon Ellis,SG
Keon Johnson,SG
Kessler Edwards,SF
Kevin Durant,PF
Kevin Huerter,SG
Kevin Knox II,SF-PF
Kevin Love,PF
Kevin Porter Jr.,PG
Kevon Harris,SG
Kevon Looney,C
Khem Birch,C
Khris Middleton,SF
Killian Hayes,PG
Kira Lewis Jr.,PG
KJ Martin,SF
Klay Thompson,SF
Kobi Simmons,SG
Kris Dunn,PG
Kristaps Porzingis,C
Kyle Anderson,PF
Kyle Kuzma,PF
Kyle Lowry,PG
Kyrie Irving,PG-SG
KZ Okpala,PF
Lamar Stevens,SF
LaMelo Ball,PG
Landry Shamet,SG
Larry Nance Jr.,C
Lauri Markkanen,PF
Leandro Bolmaro,SF
LeBron James,PF
Lester Quinones,SG
Lindell Wigginton,PG
Lindy Waters III,SG
Lonnie Walker IV,SG
Louis King,PF
Luguentz Dort,SF
Luka Doncic,PG
Luka Garza,C
Luka Samanic,PF
Luke Kennard,SG
Luke Kornet,C
Mac McClung,SG
Malachi Flynn,PG
Malaki Branham,SG
Malcolm Brogdon,PG
Malcolm Hill,SF
Malik Beasley,SG
Malik Monk,SG
Mamadi Diakite,C
Marcus Morris Sr.,PF
Marcus Smart,PG
MarJon Beauchamp,SF
Mark Williams,C
Markelle Fultz,PG
Markieff Morris,PF
Marko Simonovic,C
Marvin Bagley III,C
Mason Plumlee,C
Matisse Thybulle,SF-SG
Matt Ryan,SF
Matthew Dellavedova,PG
Max Christie,SG
Max Strus,SF
Maxi Kleber,PF
McKinley Wright IV,PG
Meyers Leonard,C
Mfiondu Kabengele,PF
Micah Potter,PF
Michael Carter-Williams,PG
Michael Foster Jr.,PF
Michael Porter Jr.,SF
Mikal Bridges,SF-SG
Mike Conley,PG
Mike Muscala,C
Miles McBride,PG
Mitchell Robinson,C
Mo Bamba,C
Monte Morris,PG
Montrezl Harrell,C
Moritz Wagner,C
Moses Brown,C
Moses Moody,SG
Moussa Diabate,C
Myles Turner,C
Naji Marshall,SF
Nassir Little,SF
Nathan Knight,C
Nate Williams,SG
Naz Reid,C
Neemias Queta,C
Nerlens Noel,C
Nic Claxton,C
Nick Richards,C
Nickeil Alexander-Walker,SG
Nicolas Batum,PF
Nikola Jokic,C
Nikola Jovic,PF
Nikola Vucevic,C
Noah Vonleh,C
Norman Powell,SG
Obi Toppin,PF
Ochai Agbaji,SG
OG Anunoby,SF
Olivier Sarr,C
Omer Yurtseven,C
Onyeka Okongwu,C
Orlando Robinson,C
Oshae Brissett,PF
Otto Porter Jr.,SF
Ousmane Dieng,PF
P.J. Tucker,PF
P.J. Washington,PF
Paolo Banchero,PF
Pascal Siakam,PF
Pat Connaughton,SF
Patrick Baldwin Jr.,SF
Patrick Beverley,SG-PG
Patrick Williams,PF
Patty Mills,PG
Paul George,SF
Paul Reed,C
Payton Pritchard,PG
Peyton Watson,SG
PJ Dozier,SF
Precious Achiuwa,C
Quentin Grimes,SG
Quenton Jackson,PG
R.J. Hampton,SG
RaiQuan Gray,PF
Raul Neto,PG
Reggie Bullock Jr.,SF
Reggie Jackson,PG
Richaun Holmes,C
Ricky Rubio,PG
RJ Barrett,SG
Robert Covington,PF
Robert Williams III,C
Robin Lopez,C
Rodney McGruder,SG
Romeo Langford,SG
Ron Harper Jr.,PF
Royce O'Neale,SF
Rudy Gay,PF
Rudy Gobert,C
Rui Hachimura,PF
Russell Westbrook,PG
Ryan Arcidiacono,PG
Ryan Rollins,PG
Saben Lee,PG
Saddiq Bey,SF
Sam Hauser,SF
Sam Merrill,SG
Sandro Mamukelashvili,C
Santi Aldama,PF
Scottie Barnes,SF
Scotty Pippen Jr.,PG
Serge Ibaka,C
Seth Curry,SG
Shaedon Sharpe,SG
Shai Gilgeous-Alexander,PG
Shake Milton,SG
Shaquille Harrison,SG
Simone Fontecchio,SF
Skylar Mays,PG
Spencer Dinwiddie,SG-PG
Stanley Johnson,SF
Stanley Umude,SG
Stephen Curry,PG
Sterling Brown,SF
Steven Adams,C
Svi Mykhailiuk,SF
T.J. McConnell,PG
T.J. Warren,PF-SF
Taj Gibson,C
Talen Horton-Tucker,SG
Tari Eason,PF
Taurean Prince,PF
Terance Mann,SG
Terence Davis,SG
Terrence Ross,SG
Terry Rozier,SG
Terry Taylor,PF
Thaddeus Young,PF
Thanasis Antetokounmpo,PF
Theo Maledon,PG
Theo Pinson,SG
Thomas Bryant,C
Tim Hardaway Jr.,SF
Tobias Harris,SF
Tony Bradley,C
Torrey Craig,PF
Trae Young,PG
Tre Jones,PG
Tre Mann,PG
Trendon Watford,PF
Trent Forrest,SG
Trevelin Queen,SG
Trevor Hudgins,PG
Trevor Keels,SG
Trey Lyles,PF
Trey Murphy III,SF
Troy Brown Jr.,SF
Ty Jerome,SG
Tyler Dorsey,SF
Tyler Herro,SG
Tyrese Haliburton,PG
Tyrese Martin,SG
Tyrese Maxey,SG
TyTy Washington Jr.,PG
Tyus Jones,PG
Udoka Azubuike,C
Udonis Haslem,C
Usman Garuba,C
Vernon Carey Jr.,C
Victor Oladipo,SG
Vince Williams Jr.,SG
Vit Krejci,PG
Vlatko Cancar,PF
Walker Kessler,C
Wendell Carter Jr.,C
Wendell Moore Jr.,SG
Wenyen Gabriel,C
Wesley Matthews,SF
Will Barton,SG
Willy Hernangomez,C
Xavier Cooks,PF
Xavier Moon,SG
Xavier Sneed,SF
Xavier Tillman,C
Yuta Watanabe,SF
Zach Collins,C
Zach LaVine,SG
Zeke Nnaji,PF
Ziaire Williams,SF
Zion Williamson,PF
